student_id,role,username,password,gender,age,degree,educational_program,year_of_study,average_gpa,average_attendance,preferred_field_of_study,self_study_hours,average_sleep_hours,motivation_level,has_job,financial_support_from_family,stress_frequency,communication_skills,teacher_competence_satisfaction,use_of_university_resources,importance_of_interest_in_subject,exam_preparation_hours,most_influencing_factor
1,student,student_1,student_1,female,18-19,bachelor,6b03201 digital journalism,1 year,above 3.5,90-100%,humanities,1-3 hours,7-9 hours,high,"yes, part-time",partial support,often,very high,hard to say,often,very important,5–10 hours,personal motivation
2,student,student_2,student_2,female,18-19,bachelor,6b03201 digital journalism,1 year,2.8-3.4,90-100%,humanities,1-3 hours,7-9 hours,high,no,full support,sometimes,very high,rather satisfied,sometimes,very important,less than 5 hours,personal motivation
3,student,student_3,student_3,female,16-17,bachelor,6b03201 digital journalism,1 year,2.8-3.4,90-100%,humanities,1-3 hours,7-9 hours,average,"yes, part-time",full support,often,very high,rather satisfied,sometimes,very important,less than 5 hours,personal motivation
4,student,student_4,student_4,male,18-19,bachelor,6b03201 digital journalism,1 year,2.8-3.4,70-79%,technical sciences,1-3 hours,less than 6 hours,average,no,partial support,never,high,hard to say,rarely,very important,less than 5 hours,interest in the subject
5,student,student_5,student_5,female,18-19,bachelor,6b03201 digital journalism,1 year,2.0-2.7,90-100%,humanities,1-3 hours,7-9 hours,high,no,full support,very often,average,rather dissatisfied,often,very important,less than 5 hours,quality of teaching
6,student,student_6,student_6,male,16-17,bachelor,6b06105 media technologies,1 year,2.0-2.7,70-79%,humanities,less than 1 hour,less than 6 hours,average,no,full support,sometimes,low,hard to say,rarely,moderately important,less than 5 hours,personal motivation
7,student,student_7,student_7,female,16-17,bachelor,6b03201 digital journalism,1 year,2.0-2.7,90-100%,humanities,1-3 hours,less than 6 hours,high,no,full support,often,high,rather satisfied,often,very important,less than 5 hours,interest in the subject
8,student,student_8,student_8,female,18-19,bachelor,6b03201 digital journalism,1 year,2.0-2.7,90-100%,humanities,1-3 hours,7-9 hours,average,no,full support,often,very high,rather satisfied,sometimes,very important,5–10 hours,amount of self-study
9,student,student_9,student_9,female,16-17,bachelor,6b03201 digital journalism,1 year,2.0-2.7,90-100%,humanities,more than 4 hours,less than 6 hours,average,"yes, full-time",full support,often,average,hard to say,rarely,very important,5–10 hours,stress level
10,student,student_10,student_10,female,16-17,bachelor,6b03201 digital journalism,1 year,2.8-3.4,70-79%,humanities,1-3 hours,7-9 hours,average,"yes, part-time",partial support,often,average,hard to say,sometimes,important,more than 20 hours,amount of self-study
11,student,student_11,student_11,female,18-19,bachelor,6b03201 digital journalism,1 year,above 3.5,90-100%,humanities,1-3 hours,7-9 hours,very high,no,full support,rarely,very high,rather satisfied,sometimes,very important,more than 20 hours,personal motivation
12,student,student_12,student_12,female,18-19,bachelor,6b03201 digital journalism,1 year,2.0-2.7,90-100%,humanities,less than 1 hour,less than 6 hours,very low,no,partial support,often,high,rather satisfied,often,very important,less than 5 hours,quality of teaching
13,student,student_13,student_13,female,18-19,bachelor,6b03201 digital journalism,1 year,2.8-3.4,90-100%,humanities,1-3 hours,7-9 hours,average,no,full support,sometimes,high,rather satisfied,often,important,11–20 hours,interest in the subject
14,student,student_14,student_14,female,16-17,bachelor,6b03201 digital journalism,1 year,2.8-3.4,90-100%,humanities,1-3 hours,less than 6 hours,average,no,full support,very often,average,rather satisfied,often,important,less than 5 hours,personal motivation
15,student,student_15,student_15,male,18-19,master,6b03201 digital journalism,1 year,2.8-3.4,90-100%,humanities,less than 1 hour,7-9 hours,high,"yes, part-time",full support,often,average,rather satisfied,rarely,very important,less than 5 hours,personal motivation
16,student,student_16,student_16,male,18-19,bachelor,6b04102 it entrepreneurship,1 year,2.8-3.4,90-100%,humanities,1-3 hours,7-9 hours,high,no,partial support,sometimes,high,rather satisfied,sometimes,important,11–20 hours,interest in the subject
17,student,student_17,student_17,female,18-19,bachelor,6b03201 digital journalism,1 year,2.8-3.4,80-89%,humanities,less than 1 hour,7-9 hours,average,no,partial support,rarely,very high,fully satisfied,never,moderately important,less than 5 hours,personal motivation
18,student,student_18,student_18,female,18-19,bachelor,6b03201 digital journalism,1 year,2.8-3.4,80-89%,computer sciences,1-3 hours,less than 6 hours,low,no,full support,often,average,hard to say,often,moderately important,less than 5 hours,quality of teaching
19,student,student_19,student_19,female,18-19,bachelor,6b03201 digital journalism,1 year,2.8-3.4,90-100%,humanities,1-3 hours,less than 6 hours,average,"yes, part-time",full support,often,high,rather satisfied,sometimes,important,5–10 hours,family support
20,student,student_20,student_20,female,16-17,bachelor,6b03201 digital journalism,1 year,above 3.5,90-100%,humanities,1-3 hours,7-9 hours,low,no,full support,very often,high,hard to say,often,important,5–10 hours,amount of self-study
21,student,student_21,student_21,female,16-17,bachelor,6b06102 software engineering,1 year,above 3.5,90-100%,technical sciences,less than 1 hour,less than 6 hours,average,no,no financial support,very often,very low,hard to say,often,very important,less than 5 hours,financial situation
22,student,student_22,student_22,female,18-19,bachelor,6b03201 digital journalism,1 year,above 3.5,90-100%,humanities,1-3 hours,less than 6 hours,average,no,full support,very often,high,hard to say,sometimes,important,5–10 hours,amount of self-study
23,student,student_23,student_23,female,16-17,bachelor,6b03201 digital journalism,1 year,above 3.5,80-89%,humanities,more than 4 hours,7-9 hours,average,no,full support,often,high,fully satisfied,often,very important,5–10 hours,amount of self-study
24,student,student_24,student_24,female,18-19,bachelor,6b03201 digital journalism,1 year,2.8-3.4,80-89%,humanities,more than 4 hours,7-9 hours,average,"yes, part-time",full support,very often,very high,fully satisfied,often,very important,less than 5 hours,personal motivation
25,student,student_25,student_25,female,18-19,bachelor,6b03201 digital journalism,1 year,2.8-3.4,80-89%,humanities,more than 4 hours,less than 6 hours,average,no,full support,very often,very high,fully satisfied,sometimes,very important,less than 5 hours,personal motivation
26,student,student_26,student_26,male,16-17,bachelor,6b03201 digital journalism,1 year,2.8-3.4,80-89%,humanities,more than 4 hours,less than 6 hours,high,no,full support,rarely,high,rather satisfied,very often,very important,less than 5 hours,amount of self-study
27,student,student_27,student_27,male,18-19,master,6b03201 digital journalism,1 year,2.8-3.4,90-100%,humanities,1-3 hours,7-9 hours,high,"yes, part-time",full support,sometimes,average,fully satisfied,sometimes,important,less than 5 hours,personal motivation
28,student,student_28,student_28,female,18-19,bachelor,6b03201 digital journalism,1 year,2.8-3.4,50-69%,humanities,1-3 hours,7-9 hours,low,no,full support,often,average,hard to say,rarely,important,less than 5 hours,personal motivation
29,student,student_29,student_29,female,16-17,bachelor,6b03201 digital journalism,1 year,2.8-3.4,70-79%,humanities,1-3 hours,less than 6 hours,average,no,full support,sometimes,high,rather satisfied,rarely,important,less than 5 hours,interest in the subject
30,student,student_30,student_30,female,16-17,bachelor,6b03201 digital journalism,1 year,2.8-3.4,80-89%,humanities,1-3 hours,7-9 hours,low,no,full support,often,average,hard to say,rarely,important,less than 5 hours,amount of self-study
31,student,student_31,student_31,female,18-19,bachelor,6b03201 digital journalism,1 year,2.8-3.4,90-100%,humanities,1-3 hours,less than 6 hours,high,"yes, part-time",full support,sometimes,high,rather satisfied,very often,important,less than 5 hours,interest in the subject
32,student,student_32,student_32,female,18-19,bachelor,6b06105 media technologies,1 year,2.8-3.4,90-100%,technical sciences,more than 4 hours,less than 6 hours,high,no,full support,very often,average,rather satisfied,often,very important,less than 5 hours,personal motivation
33,student,student_33,student_33,male,18-19,bachelor,6b06105 media technologies,1 year,above 3.5,80-89%,technical sciences,less than 1 hour,7-9 hours,average,no,full support,sometimes,low,rather satisfied,rarely,important,less than 5 hours,stress level
34,student,student_34,student_34,female,16-17,bachelor,6b06105 media technologies,1 year,2.8-3.4,90-100%,computer sciences,1-3 hours,7-9 hours,high,no,full support,sometimes,average,fully satisfied,often,important,5–10 hours,personal motivation
35,student,student_35,student_35,male,16-17,bachelor,6b06105 media technologies,1 year,2.8-3.4,90-100%,technical sciences,less than 1 hour,7-9 hours,average,no,full support,often,average,hard to say,sometimes,important,less than 5 hours,family support
36,student,student_36,student_36,male,16-17,bachelor,6b06105 media technologies,1 year,2.0-2.7,90-100%,computer sciences,less than 1 hour,7-9 hours,average,no,full support,sometimes,high,rather satisfied,rarely,moderately important,less than 5 hours,family support
37,student,student_37,student_37,female,16-17,bachelor,6b06105 media technologies,1 year,above 3.5,90-100%,computer sciences,1-3 hours,7-9 hours,average,no,full support,sometimes,average,rather satisfied,often,moderately important,less than 5 hours,personal motivation
38,student,student_38,student_38,female,18-19,bachelor,6b06105 media technologies,1 year,above 3.5,90-100%,technical sciences,1-3 hours,7-9 hours,high,no,full support,sometimes,high,rather satisfied,often,important,less than 5 hours,personal motivation
39,student,student_39,student_39,female,16-17,bachelor,7м06107 media technologies,1 year,2.8-3.4,90-100%,technical sciences,less than 1 hour,less than 6 hours,average,no,partial support,rarely,low,rather satisfied,rarely,moderately important,less than 5 hours,personal motivation
40,student,student_40,student_40,female,16-17,bachelor,6b06105 media technologies,1 year,2.8-3.4,90-100%,humanities,1-3 hours,less than 6 hours,average,no,partial support,often,average,hard to say,often,important,5–10 hours,quality of teaching
41,student,student_41,student_41,male,18-19,bachelor,6b06105 media technologies,1 year,2.8-3.4,80-89%,humanities,less than 1 hour,less than 6 hours,low,no,full support,very often,very high,rather satisfied,sometimes,important,less than 5 hours,amount of self-study
42,student,student_42,student_42,female,18-19,bachelor,6b06105 media technologies,1 year,above 3.5,90-100%,technical sciences,1-3 hours,7-9 hours,high,"yes, part-time",full support,sometimes,very high,rather satisfied,never,important,less than 5 hours,quality of teaching
43,student,student_43,student_43,male,18-19,bachelor,6b06105 media technologies,1 year,2.8-3.4,90-100%,computer sciences,1-3 hours,less than 6 hours,average,no,partial support,sometimes,high,rather satisfied,rarely,important,5–10 hours,amount of self-study
44,student,student_44,student_44,female,18-19,bachelor,6b06105 media technologies,1 year,2.8-3.4,90-100%,technical sciences,more than 4 hours,less than 6 hours,average,"yes, part-time",full support,often,high,rather satisfied,sometimes,very important,5–10 hours,personal motivation
45,student,student_45,student_45,male,18-19,bachelor,6b06105 media technologies,1 year,2.8-3.4,70-79%,computer sciences,1-3 hours,7-9 hours,average,no,full support,sometimes,average,rather satisfied,often,important,5–10 hours,personal motivation
46,student,student_46,student_46,female,16-17,bachelor,6b06105 media technologies,1 year,2.8-3.4,80-89%,technical sciences,less than 1 hour,less than 6 hours,average,no,full support,sometimes,average,hard to say,rarely,important,less than 5 hours,interest in the subject
47,student,student_47,student_47,female,16-17,bachelor,6b06105 media technologies,1 year,2.8-3.4,90-100%,humanities,1-3 hours,less than 6 hours,high,no,full support,sometimes,average,rather satisfied,sometimes,important,5–10 hours,interest in the subject
48,student,student_48,student_48,female,18-19,bachelor,6b06105 media technologies,1 year,2.0-2.7,80-89%,technical sciences,1-3 hours,less than 6 hours,average,no,full support,often,average,rather satisfied,rarely,very important,11–20 hours,family support
49,student,student_49,student_49,female,18-19,bachelor,6b06105 media technologies,1 year,2.0-2.7,80-89%,technical sciences,1-3 hours,less than 6 hours,average,no,full support,often,high,rather satisfied,often,very important,less than 5 hours,personal motivation
50,student,student_50,student_50,female,16-17,bachelor,6b06105 media technologies,1 year,2.8-3.4,90-100%,computer sciences,1-3 hours,less than 6 hours,average,no,full support,sometimes,average,hard to say,rarely,important,less than 5 hours,amount of self-study
51,student,student_51,student_51,female,16-17,bachelor,6b04102 it entrepreneurship,1 year,2.8-3.4,80-89%,humanities,1-3 hours,less than 6 hours,average,no,partial support,often,high,rather satisfied,sometimes,very important,11–20 hours,stress level
52,student,student_52,student_52,male,16-17,bachelor,6b06105 media technologies,1 year,2.8-3.4,80-89%,technical sciences,1-3 hours,less than 6 hours,average,"yes, part-time",partial support,often,average,hard to say,sometimes,important,5–10 hours,amount of self-study
53,student,student_53,student_53,male,16-17,bachelor,6b06105 media technologies,1 year,2.0-2.7,80-89%,computer sciences,less than 1 hour,7-9 hours,average,no,full support,very often,average,rather dissatisfied,rarely,very important,less than 5 hours,interest in the subject
54,student,student_54,student_54,female,16-17,bachelor,6b06105 media technologies,1 year,2.0-2.7,90-100%,computer sciences,1-3 hours,less than 6 hours,low,no,full support,often,high,rather dissatisfied,rarely,moderately important,less than 5 hours,interest in the subject
55,student,student_55,student_55,male,16-17,bachelor,6b06105 media technologies,1 year,2.8-3.4,90-100%,technical sciences,1-3 hours,7-9 hours,average,"yes, part-time",partial support,sometimes,average,fully satisfied,rarely,important,5–10 hours,interest in the subject
56,student,student_56,student_56,male,18-19,bachelor,6b06105 media technologies,1 year,above 3.5,50-69%,computer sciences,1-3 hours,7-9 hours,average,no,full support,never,average,hard to say,rarely,important,less than 5 hours,personal motivation
57,student,student_57,student_57,female,18-19,bachelor,6b06105 media technologies,1 year,2.0-2.7,80-89%,technical sciences,1-3 hours,7-9 hours,average,no,partial support,very often,high,rather satisfied,rarely,very important,less than 5 hours,personal motivation
58,student,student_58,student_58,female,16-17,bachelor,6b06105 media technologies,1 year,2.8-3.4,90-100%,humanities,1-3 hours,7-9 hours,average,no,full support,sometimes,very high,fully satisfied,often,very important,5–10 hours,personal motivation
59,student,student_59,student_59,female,18-19,bachelor,6b06105 media technologies,1 year,2.8-3.4,80-89%,computer sciences,1-3 hours,less than 6 hours,average,no,partial support,often,average,rather satisfied,sometimes,moderately important,less than 5 hours,personal motivation
60,student,student_60,student_60,female,16-17,bachelor,6b06105 media technologies,1 year,2.8-3.4,90-100%,technical sciences,1-3 hours,less than 6 hours,average,no,full support,sometimes,average,rather satisfied,sometimes,important,less than 5 hours,quality of teaching
61,student,student_61,student_61,male,18-19,bachelor,6b06105 media technologies,1 year,2.8-3.4,70-79%,technical sciences,1-3 hours,7-9 hours,average,"yes, part-time",partial support,often,average,hard to say,sometimes,moderately important,less than 5 hours,amount of self-study
62,student,student_62,student_62,female,18-19,bachelor,6b06105 media technologies,1 year,2.8-3.4,90-100%,technical sciences,1-3 hours,less than 6 hours,average,no,full support,often,high,rather satisfied,often,moderately important,5–10 hours,interest in the subject
63,student,student_63,student_63,female,18-19,bachelor,6b06105 media technologies,1 year,above 3.5,90-100%,technical sciences,1-3 hours,less than 6 hours,average,no,partial support,often,average,rather satisfied,sometimes,important,5–10 hours,interest in the subject
64,student,student_64,student_64,female,16-17,bachelor,6b06105 media technologies,1 year,above 3.5,90-100%,technical sciences,1-3 hours,7-9 hours,high,no,full support,sometimes,high,rather satisfied,very often,very important,5–10 hours,interest in the subject
65,student,student_65,student_65,male,16-17,bachelor,7м06107 media technologies,1 year,above 3.5,90-100%,technical sciences,more than 4 hours,7-9 hours,very high,no,partial support,rarely,very high,fully satisfied,often,very important,5–10 hours,financial situation
66,student,student_66,student_66,male,18-19,bachelor,6b06105 media technologies,1 year,2.8-3.4,90-100%,technical sciences,less than 1 hour,less than 6 hours,high,no,full support,never,average,hard to say,sometimes,slightly important,less than 5 hours,amount of self-study
67,student,student_67,student_67,female,18-19,bachelor,6b06105 media technologies,1 year,2.8-3.4,70-79%,computer sciences,1-3 hours,less than 6 hours,average,no,full support,often,high,rather satisfied,often,important,less than 5 hours,interest in the subject
68,student,student_68,student_68,female,20-21,bachelor,6b06105 media technologies,1 year,2.8-3.4,80-89%,technical sciences,more than 4 hours,less than 6 hours,high,"yes, part-time",partial support,very often,average,rather satisfied,sometimes,important,5–10 hours,stress level
69,student,student_69,student_69,female,18-19,bachelor,7м06107 media technologies,1 year,above 3.5,80-89%,humanities,less than 1 hour,less than 6 hours,average,no,partial support,sometimes,high,rather dissatisfied,never,important,5–10 hours,quality of teaching
70,student,student_70,student_70,male,16-17,bachelor,7м06107 media technologies,1 year,2.8-3.4,90-100%,technical sciences,1-3 hours,7-9 hours,high,no,full support,sometimes,high,fully satisfied,rarely,important,5–10 hours,family support
71,student,student_71,student_71,female,16-17,bachelor,6b06105 media technologies,1 year,2.8-3.4,90-100%,technical sciences,1-3 hours,7-9 hours,average,no,full support,rarely,average,fully satisfied,sometimes,important,less than 5 hours,quality of teaching
72,student,student_72,student_72,male,16-17,bachelor,6b06105 media technologies,1 year,2.8-3.4,90-100%,computer sciences,1-3 hours,7-9 hours,average,no,partial support,often,low,rather satisfied,often,very important,11–20 hours,interest in the subject
73,student,student_73,student_73,male,18-19,bachelor,7м06107 media technologies,1 year,2.8-3.4,90-100%,computer sciences,1-3 hours,7-9 hours,average,no,full support,often,high,rather satisfied,rarely,very important,11–20 hours,amount of self-study
74,student,student_74,student_74,female,16-17,bachelor,6b06105 media technologies,1 year,above 3.5,90-100%,technical sciences,1-3 hours,7-9 hours,average,no,full support,sometimes,average,rather satisfied,often,important,less than 5 hours,personal motivation
75,student,student_75,student_75,female,16-17,bachelor,6b06105 media technologies,1 year,2.8-3.4,90-100%,technical sciences,1-3 hours,7-9 hours,average,no,full support,sometimes,average,rather satisfied,often,important,5–10 hours,amount of self-study
76,student,student_76,student_76,male,18-19,bachelor,6b06105 media technologies,1 year,2.8-3.4,90-100%,humanities,more than 4 hours,7-9 hours,high,no,full support,very often,high,hard to say,rarely,very important,5–10 hours,financial situation
77,student,student_77,student_77,male,16-17,bachelor,6b06105 media technologies,1 year,above 3.5,90-100%,computer sciences,more than 4 hours,less than 6 hours,high,no,partial support,very often,very high,fully satisfied,rarely,very important,more than 20 hours,amount of self-study
78,student,student_78,student_78,female,16-17,bachelor,6b06105 media technologies,1 year,2.8-3.4,90-100%,computer sciences,1-3 hours,7-9 hours,low,no,full support,sometimes,average,rather satisfied,sometimes,very important,less than 5 hours,interest in the subject
79,student,student_79,student_79,female,16-17,bachelor,6b06105 media technologies,1 year,2.8-3.4,90-100%,technical sciences,1-3 hours,7-9 hours,low,no,full support,sometimes,high,rather satisfied,sometimes,moderately important,less than 5 hours,interest in the subject
80,student,student_80,student_80,female,18-19,bachelor,6b06105 media technologies,1 year,2.8-3.4,90-100%,computer sciences,1-3 hours,less than 6 hours,average,no,full support,often,average,hard to say,never,important,less than 5 hours,stress level
81,student,student_81,student_81,male,18-19,bachelor,7м06107 media technologies,1 year,2.8-3.4,90-100%,technical sciences,more than 4 hours,7-9 hours,average,no,full support,sometimes,average,rather satisfied,sometimes,very important,less than 5 hours,interest in the subject
82,student,student_82,student_82,female,18-19,bachelor,6b06105 media technologies,1 year,2.0-2.7,90-100%,humanities,1-3 hours,less than 6 hours,average,no,partial support,sometimes,high,hard to say,very often,important,11–20 hours,interest in the subject
83,student,student_83,student_83,female,16-17,bachelor,6b06105 media technologies,1 year,2.8-3.4,90-100%,technical sciences,1-3 hours,7-9 hours,average,no,partial support,sometimes,high,rather satisfied,often,important,less than 5 hours,interest in the subject
84,student,student_84,student_84,female,16-17,bachelor,6b06105 media technologies,1 year,2.0-2.7,70-79%,computer sciences,1-3 hours,7-9 hours,average,no,full support,often,high,rather satisfied,often,very important,5–10 hours,interest in the subject
85,student,student_85,student_85,female,18-19,bachelor,6b03201 digital journalism,1 year,2.8-3.4,70-79%,humanities,less than 1 hour,less than 6 hours,very low,"yes, part-time",full support,very often,average,rather dissatisfied,rarely,very important,less than 5 hours,interest in the subject
86,student,student_86,student_86,female,16-17,bachelor,6b03201 digital journalism,1 year,2.8-3.4,70-79%,technical sciences,1-3 hours,less than 6 hours,average,no,full support,often,average,rather satisfied,sometimes,moderately important,5–10 hours,quality of teaching
87,student,student_87,student_87,male,22-23,bachelor,7м06107 media technologies,1 year,above 3.5,90-100%,computer sciences,less than 1 hour,7-9 hours,very low,no,full support,sometimes,average,rather dissatisfied,never,slightly important,less than 5 hours,financial situation
88,student,student_88,student_88,male,18-19,bachelor,6b06105 media technologies,1 year,above 3.5,90-100%,computer sciences,more than 4 hours,7-9 hours,high,no,full support,often,very high,rather satisfied,very often,important,11–20 hours,amount of self-study
89,student,student_89,student_89,male,18-19,bachelor,6b06105 media technologies,1 year,above 3.5,50-69%,humanities,less than 1 hour,less than 6 hours,very high,no,partial support,never,high,rather satisfied,sometimes,important,less than 5 hours,amount of self-study
90,student,student_90,student_90,male,16-17,bachelor,6b06105 media technologies,1 year,2.0-2.7,90-100%,technical sciences,1-3 hours,less than 6 hours,average,no,partial support,often,low,rather satisfied,sometimes,important,more than 20 hours,interest in the subject
91,student,student_91,student_91,female,18-19,bachelor,6b06105 media technologies,1 year,2.8-3.4,90-100%,technical sciences,1-3 hours,less than 6 hours,average,"yes, part-time",full support,very often,average,rather satisfied,often,important,less than 5 hours,interest in the subject
92,student,student_92,student_92,female,16-17,bachelor,6b06105 media technologies,1 year,above 3.5,90-100%,computer sciences,1-3 hours,7-9 hours,average,"yes, part-time",partial support,rarely,high,rather satisfied,often,important,less than 5 hours,personal motivation
93,student,student_93,student_93,female,18-19,bachelor,6b06105 media technologies,1 year,above 3.5,90-100%,computer sciences,1-3 hours,7-9 hours,high,no,full support,sometimes,very high,fully satisfied,rarely,moderately important,less than 5 hours,quality of teaching
94,student,student_94,student_94,female,18-19,bachelor,6b06105 media technologies,1 year,2.8-3.4,90-100%,technical sciences,1-3 hours,7-9 hours,very low,no,partial support,very often,high,rather dissatisfied,rarely,important,less than 5 hours,personal motivation
95,student,student_95,student_95,male,22-23,master,7m06105 computer science and engineering,2 year,3.1-3.2,80-89%,technical sciences,1-3 hours,7-9 hours,average,"yes, full-time",partial support,sometimes,average,rather satisfied,often,important,less than 1 hour,personal motivation
96,student,student_96,student_96,male,22-23,master,7m06105 computer science and engineering,2 year,above 3.5,90-100%,technical sciences,more than 4 hours,more than 10 hours,high,no,full support,rarely,high,rather satisfied,sometimes,important,less than 1 hour,financial situation
97,student,student_97,student_97,male,22-23,master,7m06105 computer science and engineering,2 year,3.1-3.2,80-89%,technical sciences,1-3 hours,7-9 hours,average,"yes, part-time",partial support,sometimes,average,hard to say,sometimes,moderately important,2–8 hours,personal motivation
98,student,student_98,student_98,male,22-23,master,7m06105 computer science and engineering,2 year,3.3-3.4,80-89%,technical sciences,1-3 hours,less than 6 hours,high,no,full support,rarely,high,rather satisfied,often,important,2–8 hours,personal motivation
99,student,student_99,student_99,female,20-21,master,7m06105 computer science and engineering,1 year,3.1-3.2,80-89%,humanities,1-3 hours,7-9 hours,high,no,full support,,high,rather satisfied,sometimes,moderately important,2–8 hours,family support
100,student,student_100,student_100,male,20-21,phd,7m06105 computer science and engineering,2 year,below 2.7,70-79%,humanities,less than 1 hour,less than 6 hours,low,"yes, full-time",no financial support,often,average,rather dissatisfied,never,slightly important,less than 1 hour,stress level
101,student,student_101,student_101,male,20-21,master,7m06105 computer science and engineering,1 year,below 2.7,below 70%,humanities,do not prepare,less than 6 hours,low,"yes, full-time",no financial support,often,low,rather dissatisfied,never,slightly important,less than 1 hour,interest in the subject
102,student,student_102,student_102,male,20-21,master,7m06105 computer science and engineering,1 year,below 2.7,below 70%,humanities,do not prepare,less than 6 hours,low,"yes, full-time",partial support,often,low,not satisfied at all,never,slightly important,do not prepare,interest in the subject
103,student,student_103,student_103,female,20-21,master,7m06105 computer science and engineering,1 year,below 2.7,70-79%,humanities,do not prepare,7-9 hours,low,"yes, full-time",partial support,sometimes,average,hard to say,sometimes,moderately important,less than 1 hour,interest in the subject
104,student,student_104,student_104,female,20-21,master,7m06105 computer science and engineering,1 year,below 2.7,70-79%,humanities,do not prepare,7-9 hours,average,"yes, part-time",partial support,sometimes,average,hard to say,sometimes,moderately important,2–8 hours,interest in the subject
105,student,student_105,student_105,male,20-21,master,7m06105 computer science and engineering,1 year,3.1-3.2,80-89%,technical sciences,1-3 hours,7-9 hours,average,"yes, full-time",partial support,sometimes,average,hard to say,sometimes,moderately important,2–8 hours,amount of self-study
106,student,student_106,student_106,male,20-21,master,7m06105 computer science and engineering,1 year,3.3-3.4,80-89%,humanities,more than 4 hours,more than 10 hours,high,no,full support,often,high,rather satisfied,often,important,9–15 hours,family support
107,student,student_107,student_107,male,20-21,master,7m06105 computer science and engineering,1 year,3.1-3.2,80-89%,humanities,1-3 hours,7-9 hours,average,no,partial support,sometimes,high,rather satisfied,rarely,slightly important,2–8 hours,personal motivation
108,student,student_108,student_108,male,20-21,master,7m06105 computer science and engineering,1 year,3.3-3.4,80-89%,humanities,1-3 hours,7-9 hours,high,"yes, part-time",partial support,often,high,rather satisfied,never,moderately important,2–8 hours,financial situation
109,student,student_109,student_109,male,20-21,master,7m06105 computer science and engineering,1 year,3.1-3.2,80-89%,humanities,less than 1 hour,7-9 hours,high,"yes, part-time",partial support,sometimes,average,hard to say,sometimes,moderately important,2–8 hours,quality of teaching
110,student,student_110,student_110,male,above 24,master,7m06105 computer science and engineering,2 year,3.3-3.4,80-89%,humanities,1-3 hours,7-9 hours,average,"yes, full-time",no financial support,sometimes,average,hard to say,sometimes,moderately important,2–8 hours,quality of teaching
111,student,student_111,student_111,male,22-23,master,7m06105 computer science and engineering,2 year,above 3.5,90-100%,technical sciences,1-3 hours,7-9 hours,high,no,full support,often,high,rather satisfied,rarely,important,2–8 hours,quality of teaching
112,student,student_112,student_112,male,22-23,master,7m06105 computer science and engineering,2 year,3.3-3.4,80-89%,technical sciences,1-3 hours,7-9 hours,high,"yes, full-time",no financial support,sometimes,low,hard to say,often,important,2–8 hours,interest in the subject
113,student,student_113,student_113,female,20-21,master,7m06105 computer science and engineering,1 year,3.1-3.2,90-100%,technical sciences,1-3 hours,7-9 hours,high,"yes, part-time",partial support,often,high,rather satisfied,rarely,important,2–8 hours,quality of teaching
114,student,student_114,student_114,male,20-21,master,7m06105 computer science and engineering,1 year,3.1-3.2,80-89%,humanities,more than 4 hours,more than 10 hours,high,no,full support,often,high,rather satisfied,rarely,slightly important,9–15 hours,personal motivation
115,student,student_115,student_115,male,20-21,master,7m06105 computer science and engineering,1 year,3.3-3.4,80-89%,technical sciences,1-3 hours,7-9 hours,high,"yes, part-time",partial support,rarely,average,hard to say,sometimes,moderately important,2–8 hours,personal motivation
116,student,student_116,student_116,male,22-23,master,7m06105 computer science and engineering,2 year,3.3-3.4,80-89%,technical sciences,1-3 hours,7-9 hours,high,no,full support,rarely,average,rather satisfied,sometimes,moderately important,9–15 hours,personal motivation
117,student,student_117,student_117,male,20-21,master,7m06105 computer science and engineering,1 year,below 2.7,below 70%,humanities,1-3 hours,7-9 hours,low,"yes, full-time",no financial support,rarely,low,rather dissatisfied,never,slightly important,do not prepare,financial situation
118,student,student_118,student_118,female,20-21,master,7m06105 computer science and engineering,1 year,below 2.7,below 70%,humanities,do not prepare,7-9 hours,very low,"yes, full-time",no financial support,never,very low,not satisfied at all,never,not important,do not prepare,personal motivation
119,student,student_119,student_119,male,22-23,master,7m06105 computer science and engineering,2 year,3.3-3.4,80-89%,computer sciences,1-3 hours,more than 10 hours,high,no,partial support,rarely,high,rather satisfied,never,slightly important,9–15 hours,quality of teaching
120,student,student_120,student_120,male,22-23,master,7m06105 computer science and engineering,2 year,above 3.5,90-100%,computer sciences,1-3 hours,7-9 hours,high,"yes, full-time",no financial support,sometimes,average,hard to say,sometimes,moderately important,2–8 hours,quality of teaching
121,student,student_121,student_121,male,22-23,master,7m06105 computer science and engineering,1 year,above 3.5,90-100%,computer sciences,1-3 hours,less than 6 hours,high,"yes, full-time",no financial support,often,high,rather satisfied,often,important,9–15 hours,interest in the subject
122,student,student_122,student_122,male,22-23,master,7m06105 computer science and engineering,1 year,3.3-3.4,90-100%,computer sciences,1-3 hours,7-9 hours,average,"yes, full-time",full support,often,high,rather satisfied,rarely,not important,9–15 hours,family support
123,student,student_123,student_123,male,22-23,master,7m06105 computer science and engineering,1 year,3.3-3.4,80-89%,computer sciences,1-3 hours,7-9 hours,average,no,partial support,sometimes,average,hard to say,sometimes,moderately important,2–8 hours,amount of self-study
124,student,student_124,student_124,male,22-23,master,7m06105 computer science and engineering,1 year,3.1-3.2,80-89%,computer sciences,1-3 hours,7-9 hours,average,"yes, full-time",no financial support,sometimes,average,hard to say,sometimes,moderately important,2–8 hours,personal motivation
125,student,student_125,student_125,male,22-23,master,7m06105 computer science and engineering,2 year,3.1-3.2,80-89%,computer sciences,1-3 hours,7-9 hours,high,"yes, full-time",partial support,often,high,rather satisfied,often,important,less than 1 hour,amount of self-study
126,student,student_126,student_126,male,20-21,master,7m06105 computer science and engineering,2 year,2.8-3.0,70-79%,computer sciences,1-3 hours,more than 10 hours,average,no,full support,sometimes,average,hard to say,rarely,important,2–8 hours,quality of teaching
127,student,student_127,student_127,female,20-21,master,7m06105 computer science and engineering,2 year,2.8-3.0,70-79%,computer sciences,1-3 hours,7-9 hours,low,"yes, full-time",no financial support,rarely,low,rather dissatisfied,rarely,slightly important,do not prepare,financial situation
128,student,student_128,student_128,female,22-23,master,7m06105 computer science and engineering,2 year,2.8-3.0,70-79%,computer sciences,do not prepare,less than 6 hours,low,"yes, full-time",no financial support,rarely,low,not satisfied at all,never,not important,do not prepare,financial situation
129,student,student_129,student_129,male,22-23,master,7m06105 computer science and engineering,2 year,2.8-3.0,70-79%,computer sciences,1-3 hours,7-9 hours,average,"yes, full-time",partial support,sometimes,average,hard to say,sometimes,moderately important,less than 1 hour,interest in the subject
130,student,student_130,student_130,male,20-21,master,7m06105 computer science and engineering,1 year,3.1-3.2,80-89%,computer sciences,less than 1 hour,7-9 hours,high,no,full support,often,high,rather satisfied,rarely,important,less than 1 hour,financial situation
131,student,student_131,student_131,male,22-23,master,7m06105 computer science and engineering,2 year,3.3-3.4,80-89%,technical sciences,1-3 hours,more than 10 hours,high,"yes, part-time",partial support,sometimes,high,hard to say,rarely,important,2–8 hours,family support
132,student,student_132,student_132,male,20-21,master,7m06105 computer science and engineering,1 year,3.3-3.4,70-79%,technical sciences,less than 1 hour,7-9 hours,high,no,full support,sometimes,low,hard to say,sometimes,slightly important,2–8 hours,amount of self-study
133,student,student_133,student_133,male,16-17,bachelor,7м06107 media technologies,1 year,2.8-3.0,90-100%,humanities,1-3 hours,less than 6 hours,average,no,full support,sometimes,very high,fully satisfied,sometimes,very important,9–15 hours,personal motivation
134,student,student_134,student_134,male,18-19,bachelor,6b06105 media technologies,1 year,above 3.5,90-100%,technical sciences,1-3 hours,7-9 hours,average,no,partial support,rarely,high,fully satisfied,rarely,moderately important,2–8 hours,personal motivation
135,student,student_135,student_135,male,22-23,bachelor,6b06105 media technologies,1 year,2.8-3.0,90-100%,computer sciences,1-3 hours,7-9 hours,average,no,full support,sometimes,average,rather dissatisfied,sometimes,important,less than 1 hour,financial situation
136,student,student_136,student_136,female,20-21,master,7m06105 computer science and engineering,2 year,2.8-3.0,70-79%,computer sciences,less than 1 hour,less than 6 hours,average,"yes, full-time",no financial support,rarely,low,rather dissatisfied,never,moderately important,less than 1 hour,personal motivation
137,student,student_137,student_137,female,22-23,master,7m06105 computer science and engineering,2 year,3.3-3.4,80-89%,technical sciences,1-3 hours,7-9 hours,high,"yes, full-time",partial support,often,average,rather satisfied,rarely,moderately important,2–8 hours,financial situation
138,student,student_138,student_138,male,22-23,master,7m06105 computer science and engineering,2 year,3.3-3.4,90-100%,technical sciences,more than 4 hours,7-9 hours,high,no,full support,often,average,hard to say,rarely,moderately important,2–8 hours,family support
139,student,student_139,student_139,female,20-21,master,7m06105 computer science and engineering,1 year,3.3-3.4,80-89%,technical sciences,1-3 hours,7-9 hours,high,"yes, full-time",partial support,rarely,high,hard to say,rarely,important,2–8 hours,financial situation
140,student,student_140,student_140,male,22-23,master,7m06105 computer science and engineering,2 year,3.3-3.4,90-100%,technical sciences,1-3 hours,7-9 hours,high,"yes, full-time",partial support,sometimes,high,rather satisfied,rarely,important,2–8 hours,financial situation
141,student,student_141,student_141,female,22-23,master,7m06105 computer science and engineering,2 year,below 2.7,70-79%,technical sciences,1-3 hours,7-9 hours,low,"yes, full-time",no financial support,rarely,average,not satisfied at all,never,not important,do not prepare,interest in the subject
142,student,student_142,student_142,female,22-23,master,7m06105 computer science and engineering,2 year,2.8-3.0,70-79%,computer sciences,1-3 hours,7-9 hours,average,"yes, full-time",partial support,rarely,average,hard to say,never,slightly important,do not prepare,financial situation
143,student,student_143,student_143,male,22-23,master,7m06105 computer science and engineering,2 year,3.1-3.2,80-89%,computer sciences,1-3 hours,7-9 hours,high,no,full support,sometimes,average,hard to say,sometimes,moderately important,2–8 hours,quality of teaching
144,student,student_144,student_144,male,22-23,master,7m06105 computer science and engineering,2 year,3.3-3.4,90-100%,computer sciences,1-3 hours,7-9 hours,high,"yes, full-time",partial support,sometimes,high,rather satisfied,often,important,2–8 hours,personal motivation
145,student,student_145,student_145,female,22-23,master,7m06105 computer science and engineering,2 year,above 3.5,90-100%,computer sciences,1-3 hours,7-9 hours,high,"yes, full-time",full support,often,high,rather satisfied,often,important,2–8 hours,personal motivation
146,student,student_146,student_146,male,22-23,master,7m06105 computer science and engineering,2 year,2.8-3.0,70-79%,humanities,1-3 hours,7-9 hours,low,"yes, full-time",no financial support,never,low,rather dissatisfied,never,not important,do not prepare,financial situation
147,student,student_147,student_147,female,22-23,master,7m06105 computer science and engineering,2 year,3.3-3.4,80-89%,technical sciences,1-3 hours,7-9 hours,high,"yes, full-time",partial support,sometimes,high,hard to say,rarely,slightly important,2–8 hours,quality of teaching
148,student,student_148,student_148,female,22-23,master,7m06105 computer science and engineering,2 year,3.3-3.4,80-89%,technical sciences,1-3 hours,7-9 hours,high,"yes, full-time",partial support,sometimes,high,hard to say,rarely,slightly important,2–8 hours,quality of teaching
149,student,student_149,student_149,female,22-23,master,7m06105 computer science and engineering,2 year,2.8-3.0,70-79%,humanities,less than 1 hour,less than 6 hours,low,"yes, full-time",partial support,rarely,low,rather dissatisfied,never,not important,less than 1 hour,interest in the subject
150,student,student_150,student_150,female,22-23,master,7m06105 computer science and engineering,2 year,3.3-3.4,90-100%,humanities,more than 4 hours,more than 10 hours,high,no,full support,rarely,high,rather satisfied,sometimes,moderately important,2–8 hours,family support
151,student,student_151,student_151,male,22-23,master,7m06105 computer science and engineering,2 year,3.3-3.4,80-89%,technical sciences,1-3 hours,7-9 hours,high,no,partial support,often,high,hard to say,rarely,important,2–8 hours,family support
152,student,student_152,student_152,female,22-23,master,7m06105 computer science and engineering,2 year,3.3-3.4,80-89%,computer sciences,1-3 hours,7-9 hours,high,"yes, full-time",full support,sometimes,average,rather satisfied,sometimes,important,less than 1 hour,financial situation
153,student,student_153,student_153,male,22-23,master,7m06105 computer science and engineering,2 year,above 3.5,90-100%,computer sciences,1-3 hours,7-9 hours,high,no,full support,often,high,rather satisfied,never,important,less than 1 hour,family support
154,student,student_154,student_154,male,20-21,master,7m06105 computer science and engineering,1 year,2.8-3.0,90-100%,technical sciences,1-3 hours,7-9 hours,high,"yes, full-time",no financial support,sometimes,high,fully satisfied,often,important,2–8 hours,personal motivation
155,student,student_155,student_155,male,20-21,master,7m06105 computer science and engineering,1 year,3.1-3.2,90-100%,technical sciences,1-3 hours,7-9 hours,high,no,full support,sometimes,high,fully satisfied,sometimes,important,2–8 hours,personal motivation
156,student,student_156,student_156,male,20-21,master,7m06105 computer science and engineering,1 year,3.1-3.2,90-100%,computer sciences,1-3 hours,7-9 hours,high,"yes, full-time",partial support,often,high,rather satisfied,often,important,2–8 hours,personal motivation
157,student,student_157,student_157,male,20-21,master,7m06105 computer science and engineering,1 year,3.1-3.2,80-89%,humanities,1-3 hours,7-9 hours,high,"yes, full-time",partial support,often,high,rather satisfied,often,moderately important,9–15 hours,interest in the subject
158,student,student_158,student_158,male,22-23,master,7m06105 computer science and engineering,2 year,3.3-3.4,70-79%,computer sciences,1-3 hours,7-9 hours,very high,no,full support,often,high,fully satisfied,sometimes,important,9–15 hours,personal motivation
159,student,student_159,student_159,female,20-21,master,7m06105 computer science and engineering,1 year,3.1-3.2,90-100%,technical sciences,1-3 hours,7-9 hours,high,"yes, full-time",partial support,sometimes,high,rather satisfied,sometimes,important,2–8 hours,quality of teaching
160,student,student_160,student_160,female,22-23,master,7m06105 computer science and engineering,2 year,3.3-3.4,90-100%,technical sciences,1-3 hours,7-9 hours,high,"yes, full-time",partial support,often,high,rather satisfied,rarely,important,2–8 hours,quality of teaching
161,student,student_161,student_161,male,22-23,master,7m06103 applied data analytics,2 year,3.3-3.4,80-89%,computer sciences,1-3 hours,7-9 hours,average,"yes, full-time",partial support,sometimes,high,rather satisfied,rarely,important,2–8 hours,personal motivation
162,student,student_162,student_162,male,22-23,master,7m06103 applied data analytics,2 year,3.1-3.2,90-100%,computer sciences,1-3 hours,7-9 hours,high,"yes, full-time",partial support,often,high,rather dissatisfied,often,slightly important,2–8 hours,interest in the subject
163,student,student_163,student_163,female,22-23,master,7m06103 applied data analytics,2 year,3.3-3.4,80-89%,computer sciences,1-3 hours,7-9 hours,high,"yes, full-time",partial support,rarely,average,rather satisfied,sometimes,moderately important,2–8 hours,personal motivation
164,student,student_164,student_164,female,22-23,master,7m06103 applied data analytics,2 year,below 2.7,70-79%,humanities,less than 1 hour,7-9 hours,average,"yes, full-time",partial support,never,low,rather dissatisfied,never,slightly important,do not prepare,quality of teaching
165,student,student_165,student_165,female,22-23,master,7m06103 applied data analytics,2 year,below 2.7,below 70%,humanities,do not prepare,less than 6 hours,very low,"yes, full-time",no financial support,never,very low,not satisfied at all,never,not important,do not prepare,quality of teaching
166,student,student_166,student_166,female,22-23,master,7m06103 applied data analytics,2 year,2.8-3.0,70-79%,technical sciences,less than 1 hour,7-9 hours,average,"yes, full-time",partial support,rarely,average,hard to say,rarely,moderately important,less than 1 hour,personal motivation
167,student,student_167,student_167,male,22-23,master,7m06103 applied data analytics,2 year,3.3-3.4,90-100%,computer sciences,more than 4 hours,7-9 hours,very high,"yes, full-time",partial support,sometimes,very high,fully satisfied,often,very important,9–15 hours,personal motivation
168,student,student_168,student_168,female,22-23,master,7m06103 applied data analytics,2 year,above 3.5,90-100%,computer sciences,1-3 hours,7-9 hours,very high,"yes, full-time",partial support,sometimes,high,rather satisfied,never,important,2–8 hours,quality of teaching
169,student,student_169,student_169,male,22-23,master,7m06103 applied data analytics,2 year,2.8-3.0,70-79%,technical sciences,less than 1 hour,less than 6 hours,low,"yes, full-time",no financial support,rarely,average,rather dissatisfied,never,important,less than 1 hour,interest in the subject
170,student,student_170,student_170,female,22-23,master,7m06103 applied data analytics,2 year,2.8-3.0,70-79%,humanities,less than 1 hour,7-9 hours,low,no,full support,rarely,low,rather dissatisfied,never,slightly important,less than 1 hour,quality of teaching
171,student,student_171,student_171,female,22-23,master,7m06103 applied data analytics,2 year,above 3.5,80-89%,computer sciences,1-3 hours,7-9 hours,high,no,full support,sometimes,high,rather satisfied,never,important,2–8 hours,interest in the subject
172,student,student_172,student_172,female,22-23,master,7m06103 applied data analytics,2 year,3.3-3.4,70-79%,technical sciences,less than 1 hour,7-9 hours,average,"yes, part-time",partial support,rarely,high,hard to say,rarely,important,less than 1 hour,quality of teaching
173,student,student_173,student_173,female,22-23,master,7m06103 applied data analytics,2 year,above 3.5,80-89%,computer sciences,1-3 hours,7-9 hours,average,"yes, full-time",partial support,sometimes,average,hard to say,never,moderately important,2–8 hours,quality of teaching
174,student,student_174,student_174,male,22-23,master,7m06103 applied data analytics,2 year,above 3.5,90-100%,computer sciences,1-3 hours,7-9 hours,high,"yes, full-time",partial support,sometimes,high,rather satisfied,rarely,important,2–8 hours,interest in the subject
175,student,student_175,student_175,male,20-21,master,7m06103 applied data analytics,2 year,3.3-3.4,80-89%,computer sciences,1-3 hours,7-9 hours,high,"yes, full-time",partial support,rarely,average,hard to say,often,important,2–8 hours,quality of teaching
176,student,student_176,student_176,female,22-23,master,7m06103 applied data analytics,2 year,3.1-3.2,80-89%,humanities,1-3 hours,7-9 hours,high,"yes, full-time",partial support,rarely,average,rather satisfied,sometimes,slightly important,2–8 hours,financial situation
177,student,student_177,student_177,female,20-21,master,7m06103 applied data analytics,2 year,3.1-3.2,80-89%,humanities,less than 1 hour,7-9 hours,high,no,full support,rarely,high,rather satisfied,rarely,important,2–8 hours,interest in the subject
178,student,student_178,student_178,male,20-21,master,7m06103 applied data analytics,2 year,3.1-3.2,80-89%,computer sciences,1-3 hours,7-9 hours,high,"yes, full-time",partial support,often,high,rather satisfied,sometimes,slightly important,2–8 hours,interest in the subject
179,student,student_179,student_179,female,20-21,master,7m06103 applied data analytics,2 year,3.1-3.2,80-89%,computer sciences,1-3 hours,7-9 hours,high,"yes, full-time",no financial support,often,high,rather satisfied,rarely,important,less than 1 hour,personal motivation
180,student,student_180,student_180,male,22-23,master,7m06103 applied data analytics,2 year,2.8-3.0,70-79%,computer sciences,1-3 hours,7-9 hours,average,"yes, full-time",partial support,often,high,rather dissatisfied,rarely,not important,do not prepare,family support
181,student,student_181,student_181,female,20-21,master,7m06103 applied data analytics,2 year,2.8-3.0,70-79%,computer sciences,do not prepare,less than 6 hours,low,no,full support,often,low,rather dissatisfied,never,not important,do not prepare,financial situation
182,student,student_182,student_182,female,20-21,master,7m06103 applied data analytics,2 year,2.8-3.0,below 70%,humanities,do not prepare,less than 6 hours,low,"yes, full-time",partial support,rarely,average,not satisfied at all,never,not important,do not prepare,interest in the subject
183,student,student_183,student_183,female,22-23,master,7m06103 applied data analytics,2 year,2.8-3.0,80-89%,humanities,do not prepare,7-9 hours,low,"yes, full-time",no financial support,sometimes,average,rather dissatisfied,never,important,do not prepare,quality of teaching
184,student,student_184,student_184,female,20-21,master,7m06108 applied artificial intelligence,2 year,3.1-3.2,70-79%,technical sciences,less than 1 hour,7-9 hours,average,"yes, full-time",no financial support,rarely,low,hard to say,rarely,moderately important,less than 1 hour,quality of teaching
185,student,student_185,student_185,female,20-21,master,7m06103 applied data analytics,2 year,3.1-3.2,70-79%,computer sciences,less than 1 hour,7-9 hours,high,"yes, full-time",partial support,sometimes,low,rather dissatisfied,never,slightly important,do not prepare,financial situation
186,student,student_186,student_186,male,22-23,master,7m06104 computational science,2 year,3.3-3.4,80-89%,technical sciences,1-3 hours,7-9 hours,very high,"yes, full-time",partial support,sometimes,high,rather satisfied,often,important,9–15 hours,personal motivation
187,student,student_187,student_187,male,22-23,master,7m06104 computational science,2 year,above 3.5,90-100%,computer sciences,more than 4 hours,7-9 hours,high,no,full support,often,high,fully satisfied,often,important,more than 16 hours,quality of teaching
188,student,student_188,student_188,male,22-23,master,7m06104 computational science,2 year,3.1-3.2,80-89%,technical sciences,more than 4 hours,7-9 hours,high,no,partial support,often,high,rather satisfied,sometimes,moderately important,9–15 hours,interest in the subject
189,student,student_189,student_189,male,22-23,master,7m06104 computational science,2 year,3.3-3.4,80-89%,technical sciences,1-3 hours,7-9 hours,average,"yes, full-time",no financial support,sometimes,high,rather satisfied,sometimes,important,9–15 hours,interest in the subject
190,student,student_190,student_190,male,20-21,master,7m06104 computational science,2 year,3.3-3.4,80-89%,technical sciences,1-3 hours,7-9 hours,high,"yes, full-time",partial support,sometimes,high,rather satisfied,often,important,more than 16 hours,quality of teaching
191,student,student_191,student_191,male,20-21,master,7m06105 computer science and engineering,1 year,3.1-3.2,70-79%,computer sciences,1-3 hours,less than 6 hours,high,"yes, full-time",partial support,sometimes,average,rather satisfied,never,important,2–8 hours,quality of teaching
192,student,student_192,student_192,female,above 24,bachelor,6b07101 industrial internet of things,1 year,2.8-3.0,70-79%,technical sciences,1-3 hours,7-9 hours,low,no,no financial support,often,average,hard to say,sometimes,very important,2–8 hours,amount of self-study
